test_id,runtime_class,variant,elapsed_seconds,pods_ready
t001,urunc,hvt-mirage,0.0,0
t001,urunc,hvt-mirage,0.5,0
t001,urunc,hvt-mirage,1.0,0
t001,urunc,hvt-mirage,1.5,10
t001,urunc,hvt-mirage,2.0,10
t001,urunc,hvt-mirage,2.5,10
t001,urunc,hvt-mirage,3.0,10
t001,urunc,hvt-mirage,3.5,10
t001,urunc,hvt-mirage,4.0,10
t001,urunc,hvt-mirage,4.5,10
t001,urunc,hvt-mirage,5.0,10
t001,urunc,hvt-mirage,5.5,10
t001,urunc,hvt-mirage,6.0,10
t001,urunc,hvt-mirage,6.5,10
t001,urunc,hvt-mirage,7.0,10
t001,urunc,hvt-mirage,7.5,10
t001,urunc,hvt-mirage,8.0,10
t001,urunc,hvt-mirage,8.5,10
t001,urunc,hvt-mirage,9.0,10
t001,urunc,hvt-mirage,9.5,10
t001,urunc,hvt-mirage,10.0,10
t001,urunc,hvt-mirage,10.5,10
t001,urunc,hvt-mirage,11.0,10
t001,urunc,hvt-mirage,11.5,10
t001,urunc,hvt-mirage,12.0,10
t001,urunc,hvt-mirage,12.5,10
t001,urunc,hvt-mirage,13.0,10
t001,urunc,hvt-mirage,13.5,10
t001,urunc,hvt-mirage,14.0,10
t001,urunc,hvt-mirage,14.5,10
t001,urunc,hvt-mirage,15.0,10
t001,urunc,hvt-mirage,15.5,10
t001,urunc,hvt-mirage,16.0,10
t001,urunc,hvt-mirage,16.5,10
t001,urunc,hvt-mirage,17.0,10
t001,urunc,hvt-mirage,17.5,10
t001,urunc,hvt-mirage,18.0,10
t001,urunc,hvt-mirage,18.5,10
t001,urunc,hvt-mirage,19.0,10
t001,urunc,hvt-mirage,19.5,10
t001,urunc,hvt-mirage,20.0,10
t001,urunc,hvt-mirage,20.5,10
t001,urunc,hvt-mirage,21.0,10
t001,urunc,hvt-mirage,21.5,10
t001,urunc,hvt-mirage,22.0,10
t001,urunc,hvt-mirage,22.5,10
t001,urunc,hvt-mirage,23.0,10
t001,urunc,hvt-mirage,23.5,10
t001,urunc,hvt-mirage,24.0,10
t001,urunc,hvt-mirage,24.5,10
t001,urunc,hvt-mirage,25.0,10
t001,urunc,hvt-mirage,25.5,10
t001,urunc,hvt-mirage,26.0,10
t001,urunc,hvt-mirage,26.5,10
t001,urunc,hvt-mirage,27.0,10
t001,urunc,hvt-mirage,27.5,10
t001,urunc,hvt-mirage,28.0,10
t001,urunc,hvt-mirage,28.5,10
t001,urunc,hvt-mirage,29.0,10
t001,urunc,hvt-mirage,29.5,10
t001,urunc,hvt-mirage,30.0,10
t001,urunc,hvt-mirage,0.0,0
t001,urunc,hvt-mirage,0.5,0
t001,urunc,hvt-mirage,1.0,0
t001,urunc,hvt-mirage,1.5,0
t001,urunc,hvt-mirage,2.0,10
t001,urunc,hvt-mirage,2.5,10
t001,urunc,hvt-mirage,3.0,10
t001,urunc,hvt-mirage,3.5,10
t001,urunc,hvt-mirage,4.0,10
t001,urunc,hvt-mirage,4.5,10
t001,urunc,hvt-mirage,5.0,10
t001,urunc,hvt-mirage,5.5,10
t001,urunc,hvt-mirage,6.0,10
t001,urunc,hvt-mirage,6.5,10
t001,urunc,hvt-mirage,7.0,10
t001,urunc,hvt-mirage,7.5,10
t001,urunc,hvt-mirage,8.0,10
t001,urunc,hvt-mirage,8.5,10
t001,urunc,hvt-mirage,9.0,10
t001,urunc,hvt-mirage,9.5,10
t001,urunc,hvt-mirage,10.0,10
t001,urunc,hvt-mirage,10.5,10
t001,urunc,hvt-mirage,11.0,10
t001,urunc,hvt-mirage,11.5,10
t001,urunc,hvt-mirage,12.0,10
t001,urunc,hvt-mirage,12.5,10
t001,urunc,hvt-mirage,13.0,10
t001,urunc,hvt-mirage,13.5,10
t001,urunc,hvt-mirage,14.0,10
t001,urunc,hvt-mirage,14.5,10
t001,urunc,hvt-mirage,15.0,10
t001,urunc,hvt-mirage,15.5,10
t001,urunc,hvt-mirage,16.0,10
t001,urunc,hvt-mirage,16.5,10
t001,urunc,hvt-mirage,17.0,10
t001,urunc,hvt-mirage,17.5,10
t001,urunc,hvt-mirage,18.0,10
t001,urunc,hvt-mirage,18.5,10
t001,urunc,hvt-mirage,19.0,10
t001,urunc,hvt-mirage,19.5,10
t001,urunc,hvt-mirage,20.0,10
t001,urunc,hvt-mirage,20.5,10
t001,urunc,hvt-mirage,21.0,10
t001,urunc,hvt-mirage,21.5,10
t001,urunc,hvt-mirage,22.0,10
t001,urunc,hvt-mirage,22.5,10
t001,urunc,hvt-mirage,23.0,10
t001,urunc,hvt-mirage,23.5,10
t001,urunc,hvt-mirage,24.0,10
t001,urunc,hvt-mirage,24.5,10
t001,urunc,hvt-mirage,25.0,10
t001,urunc,hvt-mirage,25.5,10
t001,urunc,hvt-mirage,26.0,10
t001,urunc,hvt-mirage,26.5,10
t001,urunc,hvt-mirage,27.0,10
t001,urunc,hvt-mirage,27.5,10
t001,urunc,hvt-mirage,28.0,10
t001,urunc,hvt-mirage,28.5,10
t001,urunc,hvt-mirage,29.0,10
t001,urunc,hvt-mirage,29.5,10
t001,urunc,hvt-mirage,30.0,10
